field,value
title,Chief Product Officer
title,CPO
title,Vice President of Product
title,VP of Product
title,Senior Director of Product
title,Director of Product Management
title,Director of Product
title,Head of Product
title,Founding Product
title,Group Product Manager
title,Staff Product Manager
title,Principal Product Manager
title,Principal Product
title,Forward Deployed Product
title,Senior Product Manager
title,Product Lead
title,Product Manager
title,Product Operations
title,Technical Product Manager
title,Associate Product Manager
title,APM
